"Name","Platform","Compiles","CompilesDouble","Uses","UsesDouble","PermutationString"
"Globals","0","4714","0","0","0",""
"/Engine/EngineMaterials/BaseFlattenMaterial_VT.BaseFlattenMaterial_VT","0","0","0","72","0","Compiling BaseFlattenMaterial_VT: Platform=PCD3D_SM5, Usage=LightingModel=MSM_DefaultLit, BlendMode=BLEND_Opaque, SpecialEngine=0, TwoSided=0, TSNormal=1, Masked=0, Distorted=0, WritesEveryPixel=0, ModifiesMeshPosition=1, Usage={bUsedWithStaticLighting}"
"/Engine/EngineMaterials/BaseFlattenMaterial.BaseFlattenMaterial","0","0","0","72","0","Compiling BaseFlattenMaterial: Platform=PCD3D_SM5, Usage=LightingModel=MSM_DefaultLit, BlendMode=BLEND_Opaque, SpecialEngine=0, TwoSided=0, TSNormal=1, Masked=0, Distorted=0, WritesEveryPixel=0, ModifiesMeshPosition=1, Usage={bUsedWithStaticLighting}"
"/Engine/EngineMaterials/PhAT_JointLimitMaterial.PhAT_JointLimitMaterial","0","0","0","12","0","Compiling PhAT_JointLimitMaterial: Platform=PCD3D_SM5, Usage=LightingModel=MSM_Unlit, BlendMode=BLEND_Translucent, SpecialEngine=0, TwoSided=1, TSNormal=1, Masked=0, Distorted=0, WritesEveryPixel=1, ModifiesMeshPosition=1, Usage={}"
"/Engine/EngineMaterials/GizmoMaterial.GizmoMaterial","0","0","0","6","0","Compiling GizmoMaterial: Platform=PCD3D_SM5, Usage=LightingModel=MSM_Unlit, BlendMode=BLEND_Opaque, SpecialEngine=0, TwoSided=1, TSNormal=1, Masked=0, Distorted=0, WritesEveryPixel=1, ModifiesMeshPosition=0, Usage={}"
"/Engine/EngineMaterials/M_InvalidLightmapSettings.M_InvalidLightmapSettings","0","0","0","37","0","Compiling M_InvalidLightmapSettings: Platform=PCD3D_SM5, Usage=LightingModel=MSM_DefaultLit, BlendMode=BLEND_Opaque, SpecialEngine=0, TwoSided=0, TSNormal=1, Masked=0, Distorted=0, WritesEveryPixel=1, ModifiesMeshPosition=0, Usage={bUsedWithInstancedStaticMeshes}"
"/Engine/EngineMaterials/EmissiveMeshMaterial.EmissiveMeshMaterial","0","0","0","10","0","Compiling EmissiveMeshMaterial: Platform=PCD3D_SM5, Usage=LightingModel=MSM_Unlit, BlendMode=BLEND_Additive, SpecialEngine=0, TwoSided=1, TSNormal=1, Masked=0, Distorted=0, WritesEveryPixel=1, ModifiesMeshPosition=0, Usage={}"
"/Engine/EngineDebugMaterials/DebugMeshMaterial.DebugMeshMaterial","0","0","0","10","0","Compiling DebugMeshMaterial: Platform=PCD3D_SM5, Usage=LightingModel=MSM_Unlit, BlendMode=BLEND_Translucent, SpecialEngine=0, TwoSided=1, TSNormal=1, Masked=0, Distorted=0, WritesEveryPixel=1, ModifiesMeshPosition=0, Usage={}"
"/Engine/EngineMaterials/RemoveSurfaceMaterial.RemoveSurfaceMaterial","0","0","0","6","0","Compiling RemoveSurfaceMaterial: Platform=PCD3D_SM5, Usage=LightingModel=MSM_Unlit, BlendMode=BLEND_Opaque, SpecialEngine=0, TwoSided=0, TSNormal=1, Masked=0, Distorted=0, WritesEveryPixel=1, ModifiesMeshPosition=0, Usage={bUsedWithStaticLighting}"
"/OculusVR/Materials/OculusMR_OpaqueColoredMaterial.OculusMR_OpaqueColoredMaterial","0","0","0","6","0","Compiling OculusMR_OpaqueColoredMaterial: Platform=PCD3D_SM5, Usage=LightingModel=MSM_Unlit, BlendMode=BLEND_Opaque, SpecialEngine=0, TwoSided=0, TSNormal=1, Masked=0, Distorted=0, WritesEveryPixel=1, ModifiesMeshPosition=0, Usage={}"
"/OculusVR/Materials/OculusMR_ChromaKey.OculusMR_ChromaKey","0","0","0","10","0","Compiling OculusMR_ChromaKey: Platform=PCD3D_SM5, Usage=LightingModel=MSM_Unlit, BlendMode=BLEND_Translucent, SpecialEngine=0, TwoSided=0, TSNormal=1, Masked=0, Distorted=0, WritesEveryPixel=1, ModifiesMeshPosition=0, Usage={}"
"/Engine/EngineDebugMaterials/M_VolumeRenderSphereTracePP.M_VolumeRenderSphereTracePP","0","0","0","6","0","Compiling M_VolumeRenderSphereTracePP: Platform=PCD3D_SM5, Usage=LightingModel=MSM_Unlit, BlendMode=BLEND_Opaque, SpecialEngine=0, TwoSided=0, TSNormal=1, Masked=0, Distorted=0, WritesEveryPixel=1, ModifiesMeshPosition=0, Usage={}"
"/SpeedTreeImporter/SpeedTree9/SpeedTreeBillboardMaster.SpeedTreeBillboardMaster","0","0","0","64","0","Compiling SpeedTreeBillboardMaster: Platform=PCD3D_SM5, Usage=LightingModel=MSM_TwoSidedFoliage, BlendMode=BLEND_Masked, SpecialEngine=0, TwoSided=0, TSNormal=1, Masked=1, Distorted=0, WritesEveryPixel=0, ModifiesMeshPosition=1, Usage={bUsedWithInstancedStaticMeshes}"
"/SpeedTreeImporter/SpeedTree9/SpeedTreeMaster.SpeedTreeMaster","0","0","0","90","0","Compiling SpeedTreeMaster: Platform=PCD3D_SM5, Usage=LightingModel=MSM_TwoSidedFoliage, BlendMode=BLEND_Masked, SpecialEngine=0, TwoSided=1, TSNormal=1, Masked=1, Distorted=0, WritesEveryPixel=0, ModifiesMeshPosition=1, Usage={bUsedWithStaticLighting,bUsedWithInstancedStaticMeshes}"
"/Engine/EngineDebugMaterials/WireframeMaterial.WireframeMaterial","0","0","0","591","0","Compiling WireframeMaterial: Platform=PCD3D_SM5, Usage=LightingModel=MSM_Unlit, BlendMode=BLEND_Opaque, SpecialEngine=1, TwoSided=0, TSNormal=1, Masked=0, Distorted=0, WritesEveryPixel=0, ModifiesMeshPosition=0, Usage={}"
"/Engine/EngineDebugMaterials/VertexColorMaterial.VertexColorMaterial","0","0","0","79","0","Compiling VertexColorMaterial: Platform=PCD3D_SM5, Usage=LightingModel=MSM_DefaultLit, BlendMode=BLEND_Opaque, SpecialEngine=0, TwoSided=1, TSNormal=1, Masked=0, Distorted=0, WritesEveryPixel=1, ModifiesMeshPosition=0, Usage={bUsedWithSkeletalMesh,bUsedWithInstancedStaticMeshes,bUsedWithGeometryCollections,bUsedWithGeometryCache}"
"/Engine/EngineMaterials/DefaultMaterial.DefaultMaterial","0","0","0","154","0","Compiling DefaultMaterial: Platform=PCD3D_SM5, Usage=LightingModel=MSM_DefaultLit, BlendMode=BLEND_Opaque, SpecialEngine=0, TwoSided=0, TSNormal=1, Masked=0, Distorted=0, WritesEveryPixel=1, ModifiesMeshPosition=0, Usage={bUsedWithSkeletalMesh,bUsedWithMeshParticles,bUsedWithStaticLighting,bUsedWithSplineMeshes,bUsedWithInstancedStaticMeshes,bUsedWithNiagaraSprites,bUsedWithNiagaraRibbons,bUsedWithNiagaraMeshParticles}"
"/Engine/ArtTools/RenderToTexture/Materials/Debug/M_Emissive_Color.M_Emissive_Color","0","0","0","6","0","Compiling M_Emissive_Color: Platform=PCD3D_SM5, Usage=LightingModel=MSM_Unlit, BlendMode=BLEND_Opaque, SpecialEngine=0, TwoSided=0, TSNormal=1, Masked=0, Distorted=0, WritesEveryPixel=1, ModifiesMeshPosition=0, Usage={bUsedWithStaticLighting}"
"/Paper2D/DefaultSpriteMaterial.DefaultSpriteMaterial","0","0","0","10","0","Compiling DefaultSpriteMaterial: Platform=PCD3D_SM5, Usage=LightingModel=MSM_Unlit, BlendMode=BLEND_Opaque, SpecialEngine=0, TwoSided=1, TSNormal=1, Masked=0, Distorted=0, WritesEveryPixel=1, ModifiesMeshPosition=0, Usage={bUsedWithNiagaraSprites}"
"/Paper2D/DefaultSpriteMaterial.DefaultSpriteMaterial","0","0","0","40","0","Compiling DefaultSpriteMaterial: Platform=PCD3D_SM5, Usage=LightingModel=MSM_Unlit, BlendMode=BLEND_Masked, SpecialEngine=0, TwoSided=1, TSNormal=1, Masked=1, Distorted=0, WritesEveryPixel=0, ModifiesMeshPosition=0, Usage={bUsedWithNiagaraSprites}"
"/OculusVR/Materials/PokeAHoleMaterial.PokeAHoleMaterial","0","0","0","10","0","Compiling PokeAHoleMaterial: Platform=PCD3D_SM5, Usage=LightingModel=MSM_Unlit, BlendMode=BLEND_Translucent, SpecialEngine=0, TwoSided=0, TSNormal=1, Masked=0, Distorted=0, WritesEveryPixel=1, ModifiesMeshPosition=0, Usage={bUsedWithStaticLighting}"
"/HairStrands/Materials/HairMeshesDefaultMaterial.HairMeshesDefaultMaterial","0","0","0","68","0","Compiling HairMeshesDefaultMaterial: Platform=PCD3D_SM5, Usage=LightingModel=MSM_DefaultLit|Unknown, BlendMode=BLEND_Opaque, SpecialEngine=0, TwoSided=1, TSNormal=1, Masked=0, Distorted=0, WritesEveryPixel=1, ModifiesMeshPosition=0, Usage={bUsedWithHairStrands}"
"/HairStrands/Materials/HairCardsDefaultMaterial.HairCardsDefaultMaterial","0","0","0","109","0","Compiling HairCardsDefaultMaterial: Platform=PCD3D_SM5, Usage=LightingModel=MSM_DefaultLit|Unknown, BlendMode=BLEND_Masked, SpecialEngine=0, TwoSided=1, TSNormal=1, Masked=1, Distorted=0, WritesEveryPixel=0, ModifiesMeshPosition=1, Usage={bUsedWithHairStrands}"
"/HairStrands/Materials/HairDefaultMaterial.HairDefaultMaterial","0","0","0","68","0","Compiling HairDefaultMaterial: Platform=PCD3D_SM5, Usage=LightingModel=MSM_DefaultLit|Unknown, BlendMode=BLEND_Opaque, SpecialEngine=0, TwoSided=1, TSNormal=1, Masked=0, Distorted=0, WritesEveryPixel=1, ModifiesMeshPosition=0, Usage={bUsedWithHairStrands}"
"/HairStrands/Materials/HairDebugMaterial.HairDebugMaterial","0","0","0","68","0","Compiling HairDebugMaterial: Platform=PCD3D_SM5, Usage=LightingModel=MSM_DefaultLit|Unknown, BlendMode=BLEND_Opaque, SpecialEngine=0, TwoSided=1, TSNormal=1, Masked=0, Distorted=0, WritesEveryPixel=1, ModifiesMeshPosition=0, Usage={bUsedWithHairStrands}"
"/Engine/EngineDebugMaterials/M_SimpleUnlitTranslucent.M_SimpleUnlitTranslucent","0","0","0","10","0","Compiling M_SimpleUnlitTranslucent: Platform=PCD3D_SM5, Usage=LightingModel=MSM_Unlit, BlendMode=BLEND_Translucent, SpecialEngine=0, TwoSided=0, TSNormal=1, Masked=0, Distorted=0, WritesEveryPixel=1, ModifiesMeshPosition=0, Usage={}"
"/Engine/EditorMaterials/Camera/CineMat.CineMat","0","0","0","37","0","Compiling CineMat: Platform=PCD3D_SM5, Usage=LightingModel=MSM_DefaultLit, BlendMode=BLEND_Opaque, SpecialEngine=0, TwoSided=0, TSNormal=1, Masked=0, Distorted=0, WritesEveryPixel=1, ModifiesMeshPosition=0, Usage={bUsedWithSplineMeshes}"
"/Engine/VREditor/TransformGizmo/TranslucentTransformGizmoMaterial.TranslucentTransformGizmoMaterial","0","0","0","10","0","Compiling TranslucentTransformGizmoMaterial: Platform=PCD3D_SM5, Usage=LightingModel=MSM_Unlit, BlendMode=BLEND_Translucent, SpecialEngine=0, TwoSided=0, TSNormal=1, Masked=0, Distorted=0, WritesEveryPixel=1, ModifiesMeshPosition=0, Usage={}"
"/Engine/VREditor/TransformGizmo/TransformGizmoMaterial.TransformGizmoMaterial","0","0","0","6","0","Compiling TransformGizmoMaterial: Platform=PCD3D_SM5, Usage=LightingModel=MSM_Unlit, BlendMode=BLEND_Opaque, SpecialEngine=0, TwoSided=0, TSNormal=1, Masked=0, Distorted=0, WritesEveryPixel=1, ModifiesMeshPosition=0, Usage={}"
"/Engine/EngineMaterials/Widget3DPassThrough.Widget3DPassThrough","0","0","0","20","0","Compiling Widget3DPassThrough: Platform=PCD3D_SM5, Usage=LightingModel=MSM_Unlit, BlendMode=BLEND_Masked, SpecialEngine=0, TwoSided=0, TSNormal=1, Masked=1, Distorted=0, WritesEveryPixel=0, ModifiesMeshPosition=0, Usage={}"
"/Engine/EngineMaterials/Widget3DPassThrough.Widget3DPassThrough","0","0","0","20","0","Compiling Widget3DPassThrough: Platform=PCD3D_SM5, Usage=LightingModel=MSM_Unlit, BlendMode=BLEND_Masked, SpecialEngine=0, TwoSided=1, TSNormal=1, Masked=1, Distorted=0, WritesEveryPixel=0, ModifiesMeshPosition=0, Usage={}"
"/Engine/EngineMaterials/Widget3DPassThrough.Widget3DPassThrough","0","0","0","6","0","Compiling Widget3DPassThrough: Platform=PCD3D_SM5, Usage=LightingModel=MSM_Unlit, BlendMode=BLEND_Opaque, SpecialEngine=0, TwoSided=0, TSNormal=1, Masked=0, Distorted=0, WritesEveryPixel=1, ModifiesMeshPosition=0, Usage={}"
"/Engine/EngineMaterials/Widget3DPassThrough.Widget3DPassThrough","0","0","0","6","0","Compiling Widget3DPassThrough: Platform=PCD3D_SM5, Usage=LightingModel=MSM_Unlit, BlendMode=BLEND_Opaque, SpecialEngine=0, TwoSided=1, TSNormal=1, Masked=0, Distorted=0, WritesEveryPixel=1, ModifiesMeshPosition=0, Usage={}"
"/Engine/EngineMaterials/Widget3DPassThrough.Widget3DPassThrough","0","0","0","10","0","Compiling Widget3DPassThrough: Platform=PCD3D_SM5, Usage=LightingModel=MSM_Unlit, BlendMode=BLEND_Translucent, SpecialEngine=0, TwoSided=0, TSNormal=1, Masked=0, Distorted=0, WritesEveryPixel=1, ModifiesMeshPosition=0, Usage={}"
"/Engine/EngineMaterials/Widget3DPassThrough.Widget3DPassThrough","0","0","0","10","0","Compiling Widget3DPassThrough: Platform=PCD3D_SM5, Usage=LightingModel=MSM_Unlit, BlendMode=BLEND_Translucent, SpecialEngine=0, TwoSided=1, TSNormal=1, Masked=0, Distorted=0, WritesEveryPixel=1, ModifiesMeshPosition=0, Usage={}"
"/Engine/VREditor/TransformGizmo/Xray.Xray","0","0","0","23","0","Compiling Xray: Platform=PCD3D_SM5, Usage=LightingModel=MSM_DefaultLit, BlendMode=BLEND_Opaque, SpecialEngine=0, TwoSided=0, TSNormal=1, Masked=0, Distorted=0, WritesEveryPixel=1, ModifiesMeshPosition=0, Usage={}"
"/Engine/VREditor/TransformGizmo/Main.Main","0","0","0","10","0","Compiling Main: Platform=PCD3D_SM5, Usage=LightingModel=MSM_Unlit, BlendMode=BLEND_Translucent, SpecialEngine=0, TwoSided=0, TSNormal=1, Masked=0, Distorted=0, WritesEveryPixel=1, ModifiesMeshPosition=0, Usage={}"
"/Engine/EditorMaterials/WorldPartition/WorldPartitionSpatialHashGridPreviewMaterial.WorldPartitionSpatialHashGridPreviewMaterial","0","0","0","6","0","Compiling WorldPartitionSpatialHashGridPreviewMaterial: Platform=PCD3D_SM5, Usage=LightingModel=MSM_Unlit, BlendMode=BLEND_Opaque, SpecialEngine=0, TwoSided=0, TSNormal=1, Masked=0, Distorted=0, WritesEveryPixel=1, ModifiesMeshPosition=0, Usage={}"
"/Engine/EngineSky/VolumetricClouds/m_SimpleVolumetricCloud.m_SimpleVolumetricCloud","0","0","0","54","0","Compiling m_SimpleVolumetricCloud: Platform=PCD3D_SM5, Usage=LightingModel=MSM_DefaultLit, BlendMode=BLEND_Additive, SpecialEngine=0, TwoSided=0, TSNormal=1, Masked=0, Distorted=0, WritesEveryPixel=1, ModifiesMeshPosition=0, Usage={}"
"/Engine/EngineMaterials/DefaultPostProcessMaterial.DefaultPostProcessMaterial","0","0","0","10","0","Compiling DefaultPostProcessMaterial: Platform=PCD3D_SM5, Usage=LightingModel=MSM_Unlit, BlendMode=BLEND_Opaque, SpecialEngine=0, TwoSided=0, TSNormal=1, Masked=0, Distorted=0, WritesEveryPixel=1, ModifiesMeshPosition=0, Usage={bUsedWithSkeletalMesh,bUsedWithStaticLighting}"
"/Engine/EngineMaterials/DefaultLightFunctionMaterial.DefaultLightFunctionMaterial","0","0","0","105","0","Compiling DefaultLightFunctionMaterial: Platform=PCD3D_SM5, Usage=LightingModel=MSM_Unlit, BlendMode=BLEND_Opaque, SpecialEngine=0, TwoSided=0, TSNormal=1, Masked=0, Distorted=0, WritesEveryPixel=1, ModifiesMeshPosition=0, Usage={}"
"/Engine/EngineMaterials/DefaultDeferredDecalMaterial.DefaultDeferredDecalMaterial","0","0","0","121","0","Compiling DefaultDeferredDecalMaterial: Platform=PCD3D_SM5, Usage=LightingModel=MSM_DefaultLit, BlendMode=BLEND_Translucent, SpecialEngine=0, TwoSided=0, TSNormal=1, Masked=0, Distorted=0, WritesEveryPixel=1, ModifiesMeshPosition=0, Usage={bUsedWithSkeletalMesh,bUsedWithStaticLighting,bUsedWithSplineMeshes}"
"/Engine/EngineMaterials/WorldGridMaterial.WorldGridMaterial","0","0","0","919","0","Compiling WorldGridMaterial: Platform=PCD3D_SM5, Usage=LightingModel=MSM_DefaultLit, BlendMode=BLEND_Opaque, SpecialEngine=1, TwoSided=0, TSNormal=1, Masked=0, Distorted=0, WritesEveryPixel=1, ModifiesMeshPosition=0, Usage={}"
"/Engine/EngineMaterials/DefaultTextMaterialOpaque.DefaultTextMaterialOpaque","0","0","0","32","0","Compiling DefaultTextMaterialOpaque: Platform=PCD3D_SM5, Usage=LightingModel=MSM_DefaultLit, BlendMode=BLEND_Masked, SpecialEngine=0, TwoSided=1, TSNormal=1, Masked=1, Distorted=0, WritesEveryPixel=0, ModifiesMeshPosition=0, Usage={}"
"/Game/WaterPlane/Ocean/Materials/M_OceanWater_1.M_OceanWater_1","0","38","0","22","166","Compiling M_OceanWater_1: Platform=PCD3D_SM5, Usage=LightingModel=MSM_DefaultLit, BlendMode=BLEND_Opaque, SpecialEngine=0, TwoSided=0, TSNormal=1, Masked=0, Distorted=0, WritesEveryPixel=1, ModifiesMeshPosition=0, Usage={bUsedWithStaticLighting}, StaticSwitch'Add Reflection Map2-1'=False, StaticSwitch'Add Sea Foam2-1'=True"
"/Game/WaterPlane/Ocean/Materials/M_OceanWater_1.M_OceanWater_1","0","38","0","10","146","Compiling M_OceanWater_1: Platform=PCD3D_SM5, Usage=LightingModel=MSM_DefaultLit, BlendMode=BLEND_Opaque, SpecialEngine=0, TwoSided=0, TSNormal=1, Masked=0, Distorted=0, WritesEveryPixel=1, ModifiesMeshPosition=0, Usage={bUsedWithStaticLighting}"
"/Game/WaterPlane/Environment/Materials/M_Rock_Basalt.M_Rock_Basalt","0","50","38","10","1017","Compiling M_Rock_Basalt: Platform=PCD3D_SM5, Usage=LightingModel=MSM_DefaultLit, BlendMode=BLEND_Opaque, SpecialEngine=0, TwoSided=0, TSNormal=1, Masked=0, Distorted=0, WritesEveryPixel=1, ModifiesMeshPosition=0, Usage={bUsedWithStaticLighting}"
"/Game/MSPresets/MS_Foliage_Material/MasterMaterials/MA_Impostor.MA_Impostor","0","88","88","8","1272","Compiling MA_Impostor: Platform=PCD3D_SM5, Usage=LightingModel=MSM_TwoSidedFoliage, BlendMode=BLEND_Masked, SpecialEngine=0, TwoSided=1, TSNormal=0, Masked=1, Distorted=0, WritesEveryPixel=0, ModifiesMeshPosition=1, Usage={bUsedWithStaticLighting,bUsedWithInstancedStaticMeshes}, StaticSwitch'Full Sphere2-1'=False, StaticSwitch'Full Sphere_32-1'=False, StaticSwitch'Tint BaseColor2-1'=False, StaticSwitch'Tint Translucency2-1'=False, StaticSwitch'Debug Mode Color Variation Noise2-1'=False, StaticSwitch'Plant2-1'=False, StaticSwitch'ColorVariations2-1'=False, StaticSwitch'Seasons2-1'=True, StaticSwitch'Winter2-1'=False, StaticSwitch'PerInstanceRandom2-1'=False, StaticSwitch'Impostor2-1'=True, StaticSwitch'Animate Foliage2-1'=True, StaticSwitch'Animate Impostor2-1'=False, StaticSwitch'Advanced Controls2-1'=False, StaticSwitch'Basic Controls2-1'=False"
"/Game/MSPresets/MS_Foliage_Material/MasterMaterials/MA_Impostor.MA_Impostor","0","88","88","1","1061","Compiling MA_Impostor: Platform=PCD3D_SM5, Usage=LightingModel=MSM_TwoSidedFoliage, BlendMode=BLEND_Masked, SpecialEngine=0, TwoSided=1, TSNormal=0, Masked=1, Distorted=0, WritesEveryPixel=0, ModifiesMeshPosition=1, Usage={bUsedWithStaticLighting,bUsedWithInstancedStaticMeshes}"
"/Game/MSPresets/MS_Foliage_Material/MasterMaterials/MA_Foliage.MA_Foliage","0","90","180","12","1956","Compiling MA_Foliage: Platform=PCD3D_SM5, Usage=LightingModel=MSM_DefaultLit|MSM_TwoSidedFoliage, BlendMode=BLEND_Masked, SpecialEngine=0, TwoSided=1, TSNormal=1, Masked=1, Distorted=0, WritesEveryPixel=0, ModifiesMeshPosition=1, Usage={bUsedWithStaticLighting,bUsedWithInstancedStaticMeshes}, StaticSwitch'DefaultLit Trunk2-1'=True, StaticSwitch'Plant2-1'=False, StaticSwitch'Advanced Controls2-1'=False, StaticSwitch'Basic Controls2-1'=False, StaticSwitch'Winter2-1'=False, StaticSwitch'Debug Mode Color Variation Noise2-1'=False, StaticSwitch'ColorVariations2-1'=False, StaticSwitch'Tint Translucency2-1'=False, StaticSwitch'Seasons2-1'=False, StaticSwitch'PerInstanceRandom2-1'=False, StaticSwitch'Impostor2-1'=False, StaticSwitch'Distance Based  Opacity2-1'=True, StaticSwitch'Tint BaseColor2-1'=False, StaticSwitch'Leaf Backside Roughness2-1'=False, StaticSwitch'Leaf Backside Specular2-1'=False, StaticSwitch'Animate Advanced Wind Normal2-1'=False, StaticSwitch'Dither Decoration Blend2-1'=True, StaticSwitch'TwoSided Leaves2-1'=True, StaticSwitch'use dithered Trunk Blend2-1'=True, StaticSwitch'Animate Level 42-1'=True, StaticSwitch'Animate Level 32-1'=True, StaticSwitch'Animate Level 22-1'=True, StaticSwitch'Animate Level 12-1'=True, StaticSwitch'Debug ForceField2-1'=False, StaticSwitch'Animate Foliage2-1'=True, StaticSwitch'Advanced Wind2-1'=True"
"/Game/MSPresets/MS_Foliage_Material/MasterMaterials/MA_Foliage.MA_Foliage","0","90","180","12","1964","Compiling MA_Foliage: Platform=PCD3D_SM5, Usage=LightingModel=MSM_DefaultLit|MSM_TwoSidedFoliage, BlendMode=BLEND_Masked, SpecialEngine=0, TwoSided=1, TSNormal=1, Masked=1, Distorted=0, WritesEveryPixel=0, ModifiesMeshPosition=1, Usage={bUsedWithStaticLighting,bUsedWithInstancedStaticMeshes}, StaticSwitch'DefaultLit Trunk2-1'=False, StaticSwitch'Plant2-1'=False, StaticSwitch'Advanced Controls2-1'=False, StaticSwitch'Basic Controls2-1'=False, StaticSwitch'Winter2-1'=False, StaticSwitch'Debug Mode Color Variation Noise2-1'=False, StaticSwitch'ColorVariations2-1'=False, StaticSwitch'Tint Translucency2-1'=False, StaticSwitch'Seasons2-1'=True, StaticSwitch'PerInstanceRandom2-1'=True, StaticSwitch'Impostor2-1'=False, StaticSwitch'Distance Based  Opacity2-1'=True, StaticSwitch'Tint BaseColor2-1'=False, StaticSwitch'Leaf Backside Roughness2-1'=False, StaticSwitch'Leaf Backside Specular2-1'=False, StaticSwitch'Animate Advanced Wind Normal2-1'=False, StaticSwitch'Dither Decoration Blend2-1'=True, StaticSwitch'TwoSided Leaves2-1'=True, StaticSwitch'use dithered Trunk Blend2-1'=True, StaticSwitch'Animate Level 42-1'=True, StaticSwitch'Animate Level 32-1'=True, StaticSwitch'Animate Level 22-1'=True, StaticSwitch'Animate Level 12-1'=True, StaticSwitch'Debug ForceField2-1'=False, StaticSwitch'Animate Foliage2-1'=True, StaticSwitch'Advanced Wind2-1'=True"
"/Game/MSPresets/MS_Foliage_Material/MasterMaterials/MA_Foliage.MA_Foliage","0","90","180","10","1870","Compiling MA_Foliage: Platform=PCD3D_SM5, Usage=LightingModel=MSM_DefaultLit|MSM_TwoSidedFoliage, BlendMode=BLEND_Masked, SpecialEngine=0, TwoSided=0, TSNormal=1, Masked=1, Distorted=0, WritesEveryPixel=0, ModifiesMeshPosition=1, Usage={bUsedWithStaticLighting,bUsedWithInstancedStaticMeshes}, StaticSwitch'DefaultLit Trunk2-1'=True, StaticSwitch'Plant2-1'=False, StaticSwitch'Advanced Controls2-1'=False, StaticSwitch'Basic Controls2-1'=False, StaticSwitch'Winter2-1'=False, StaticSwitch'Debug Mode Color Variation Noise2-1'=False, StaticSwitch'ColorVariations2-1'=False, StaticSwitch'Tint Translucency2-1'=False, StaticSwitch'Seasons2-1'=False, StaticSwitch'PerInstanceRandom2-1'=False, StaticSwitch'Impostor2-1'=False, StaticSwitch'Distance Based  Opacity2-1'=True, StaticSwitch'Tint BaseColor2-1'=False, StaticSwitch'Leaf Backside Roughness2-1'=False, StaticSwitch'Leaf Backside Specular2-1'=False, StaticSwitch'Animate Advanced Wind Normal2-1'=False, StaticSwitch'Dither Decoration Blend2-1'=True, StaticSwitch'TwoSided Leaves2-1'=True, StaticSwitch'use dithered Trunk Blend2-1'=True, StaticSwitch'Animate Level 42-1'=True, StaticSwitch'Animate Level 32-1'=True, StaticSwitch'Animate Level 22-1'=True, StaticSwitch'Animate Level 12-1'=True, StaticSwitch'Debug ForceField2-1'=False, StaticSwitch'Animate Foliage2-1'=False, StaticSwitch'Advanced Wind2-1'=True"
"/Game/MSPresets/MS_Foliage_Material/MasterMaterials/MA_Foliage.MA_Foliage","0","90","180","10","1898","Compiling MA_Foliage: Platform=PCD3D_SM5, Usage=LightingModel=MSM_DefaultLit|MSM_TwoSidedFoliage, BlendMode=BLEND_Masked, SpecialEngine=0, TwoSided=0, TSNormal=1, Masked=1, Distorted=0, WritesEveryPixel=0, ModifiesMeshPosition=1, Usage={bUsedWithStaticLighting,bUsedWithInstancedStaticMeshes}, StaticSwitch'DefaultLit Trunk2-1'=False, StaticSwitch'Plant2-1'=False, StaticSwitch'Advanced Controls2-1'=False, StaticSwitch'Basic Controls2-1'=False, StaticSwitch'Winter2-1'=False, StaticSwitch'Debug Mode Color Variation Noise2-1'=False, StaticSwitch'ColorVariations2-1'=False, StaticSwitch'Tint Translucency2-1'=False, StaticSwitch'Seasons2-1'=False, StaticSwitch'PerInstanceRandom2-1'=False, StaticSwitch'Impostor2-1'=False, StaticSwitch'Distance Based  Opacity2-1'=True, StaticSwitch'Tint BaseColor2-1'=False, StaticSwitch'Leaf Backside Roughness2-1'=False, StaticSwitch'Leaf Backside Specular2-1'=False, StaticSwitch'Animate Advanced Wind Normal2-1'=False, StaticSwitch'Dither Decoration Blend2-1'=True, StaticSwitch'TwoSided Leaves2-1'=False, StaticSwitch'use dithered Trunk Blend2-1'=True, StaticSwitch'Animate Level 42-1'=True, StaticSwitch'Animate Level 32-1'=True, StaticSwitch'Animate Level 22-1'=True, StaticSwitch'Animate Level 12-1'=True, StaticSwitch'Debug ForceField2-1'=False, StaticSwitch'Animate Foliage2-1'=True, StaticSwitch'Advanced Wind2-1'=True"
"/Game/MSPresets/MS_Foliage_Material/MasterMaterials/MA_Foliage.MA_Foliage","0","90","180","12","1956","Compiling MA_Foliage: Platform=PCD3D_SM5, Usage=LightingModel=MSM_DefaultLit|MSM_TwoSidedFoliage, BlendMode=BLEND_Masked, SpecialEngine=0, TwoSided=0, TSNormal=1, Masked=1, Distorted=0, WritesEveryPixel=0, ModifiesMeshPosition=1, Usage={bUsedWithStaticLighting,bUsedWithInstancedStaticMeshes}, StaticSwitch'DefaultLit Trunk2-1'=True, StaticSwitch'Plant2-1'=False, StaticSwitch'Advanced Controls2-1'=False, StaticSwitch'Basic Controls2-1'=False, StaticSwitch'Winter2-1'=False, StaticSwitch'Debug Mode Color Variation Noise2-1'=False, StaticSwitch'ColorVariations2-1'=False, StaticSwitch'Tint Translucency2-1'=False, StaticSwitch'Seasons2-1'=False, StaticSwitch'PerInstanceRandom2-1'=False, StaticSwitch'Impostor2-1'=False, StaticSwitch'Distance Based  Opacity2-1'=True, StaticSwitch'Tint BaseColor2-1'=False, StaticSwitch'Leaf Backside Roughness2-1'=False, StaticSwitch'Leaf Backside Specular2-1'=False, StaticSwitch'Animate Advanced Wind Normal2-1'=False, StaticSwitch'Dither Decoration Blend2-1'=True, StaticSwitch'TwoSided Leaves2-1'=True, StaticSwitch'use dithered Trunk Blend2-1'=True, StaticSwitch'Animate Level 42-1'=True, StaticSwitch'Animate Level 32-1'=True, StaticSwitch'Animate Level 22-1'=True, StaticSwitch'Animate Level 12-1'=True, StaticSwitch'Debug ForceField2-1'=False, StaticSwitch'Animate Foliage2-1'=True, StaticSwitch'Advanced Wind2-1'=True"
"/Game/MSPresets/MS_Foliage_Material/MasterMaterials/MA_Foliage.MA_Foliage","0","90","180","10","1952","Compiling MA_Foliage: Platform=PCD3D_SM5, Usage=LightingModel=MSM_DefaultLit|MSM_TwoSidedFoliage, BlendMode=BLEND_Masked, SpecialEngine=0, TwoSided=1, TSNormal=1, Masked=1, Distorted=0, WritesEveryPixel=0, ModifiesMeshPosition=1, Usage={bUsedWithStaticLighting,bUsedWithInstancedStaticMeshes}, StaticSwitch'DefaultLit Trunk2-1'=True, StaticSwitch'Plant2-1'=False, StaticSwitch'Advanced Controls2-1'=False, StaticSwitch'Basic Controls2-1'=False, StaticSwitch'Winter2-1'=False, StaticSwitch'Debug Mode Color Variation Noise2-1'=False, StaticSwitch'ColorVariations2-1'=False, StaticSwitch'Tint Translucency2-1'=False, StaticSwitch'Seasons2-1'=False, StaticSwitch'PerInstanceRandom2-1'=False, StaticSwitch'Impostor2-1'=False, StaticSwitch'Distance Based  Opacity2-1'=True, StaticSwitch'Tint BaseColor2-1'=False, StaticSwitch'Leaf Backside Roughness2-1'=False, StaticSwitch'Leaf Backside Specular2-1'=False, StaticSwitch'Animate Advanced Wind Normal2-1'=False, StaticSwitch'Dither Decoration Blend2-1'=True, StaticSwitch'TwoSided Leaves2-1'=True, StaticSwitch'use dithered Trunk Blend2-1'=True, StaticSwitch'Animate Level 42-1'=False, StaticSwitch'Animate Level 32-1'=True, StaticSwitch'Animate Level 22-1'=True, StaticSwitch'Animate Level 12-1'=True, StaticSwitch'Debug ForceField2-1'=False, StaticSwitch'Animate Foliage2-1'=True, StaticSwitch'Advanced Wind2-1'=True"
"/Game/MSPresets/MS_Foliage_Material/MasterMaterials/MA_Foliage.MA_Foliage","0","90","180","10","1952","Compiling MA_Foliage: Platform=PCD3D_SM5, Usage=LightingModel=MSM_DefaultLit|MSM_TwoSidedFoliage, BlendMode=BLEND_Masked, SpecialEngine=0, TwoSided=0, TSNormal=1, Masked=1, Distorted=0, WritesEveryPixel=0, ModifiesMeshPosition=1, Usage={bUsedWithStaticLighting,bUsedWithInstancedStaticMeshes}, StaticSwitch'DefaultLit Trunk2-1'=False, StaticSwitch'Plant2-1'=False, StaticSwitch'Advanced Controls2-1'=False, StaticSwitch'Basic Controls2-1'=False, StaticSwitch'Winter2-1'=False, StaticSwitch'Debug Mode Color Variation Noise2-1'=False, StaticSwitch'ColorVariations2-1'=False, StaticSwitch'Tint Translucency2-1'=False, StaticSwitch'Seasons2-1'=False, StaticSwitch'PerInstanceRandom2-1'=False, StaticSwitch'Impostor2-1'=False, StaticSwitch'Distance Based  Opacity2-1'=True, StaticSwitch'Tint BaseColor2-1'=False, StaticSwitch'Leaf Backside Roughness2-1'=False, StaticSwitch'Leaf Backside Specular2-1'=False, StaticSwitch'Animate Advanced Wind Normal2-1'=False, StaticSwitch'Dither Decoration Blend2-1'=True, StaticSwitch'TwoSided Leaves2-1'=False, StaticSwitch'use dithered Trunk Blend2-1'=True, StaticSwitch'Animate Level 42-1'=False, StaticSwitch'Animate Level 32-1'=True, StaticSwitch'Animate Level 22-1'=True, StaticSwitch'Animate Level 12-1'=True, StaticSwitch'Debug ForceField2-1'=False, StaticSwitch'Animate Foliage2-1'=True, StaticSwitch'Advanced Wind2-1'=True"
"/Game/MSPresets/MS_Foliage_Material/MasterMaterials/MA_Foliage.MA_Foliage","0","90","180","12","1956","Compiling MA_Foliage: Platform=PCD3D_SM5, Usage=LightingModel=MSM_DefaultLit|MSM_TwoSidedFoliage, BlendMode=BLEND_Masked, SpecialEngine=0, TwoSided=0, TSNormal=1, Masked=1, Distorted=0, WritesEveryPixel=0, ModifiesMeshPosition=1, Usage={bUsedWithStaticLighting,bUsedWithInstancedStaticMeshes}, StaticSwitch'DefaultLit Trunk2-1'=True, StaticSwitch'Plant2-1'=False, StaticSwitch'Advanced Controls2-1'=False, StaticSwitch'Basic Controls2-1'=False, StaticSwitch'Winter2-1'=False, StaticSwitch'Debug Mode Color Variation Noise2-1'=False, StaticSwitch'ColorVariations2-1'=False, StaticSwitch'Tint Translucency2-1'=False, StaticSwitch'Seasons2-1'=False, StaticSwitch'PerInstanceRandom2-1'=False, StaticSwitch'Impostor2-1'=False, StaticSwitch'Distance Based  Opacity2-1'=True, StaticSwitch'Tint BaseColor2-1'=False, StaticSwitch'Leaf Backside Roughness2-1'=False, StaticSwitch'Leaf Backside Specular2-1'=False, StaticSwitch'Animate Advanced Wind Normal2-1'=False, StaticSwitch'Dither Decoration Blend2-1'=True, StaticSwitch'TwoSided Leaves2-1'=True, StaticSwitch'use dithered Trunk Blend2-1'=True, StaticSwitch'Animate Level 42-1'=False, StaticSwitch'Animate Level 32-1'=True, StaticSwitch'Animate Level 22-1'=True, StaticSwitch'Animate Level 12-1'=True, StaticSwitch'Debug ForceField2-1'=False, StaticSwitch'Animate Foliage2-1'=True, StaticSwitch'Advanced Wind2-1'=True"
"/Game/MSPresets/MS_Foliage_Material/MasterMaterials/MA_Foliage.MA_Foliage","0","90","180","12","1960","Compiling MA_Foliage: Platform=PCD3D_SM5, Usage=LightingModel=MSM_DefaultLit|MSM_TwoSidedFoliage, BlendMode=BLEND_Masked, SpecialEngine=0, TwoSided=1, TSNormal=1, Masked=1, Distorted=0, WritesEveryPixel=0, ModifiesMeshPosition=1, Usage={bUsedWithStaticLighting,bUsedWithInstancedStaticMeshes}, StaticSwitch'DefaultLit Trunk2-1'=False, StaticSwitch'Plant2-1'=False, StaticSwitch'Advanced Controls2-1'=False, StaticSwitch'Basic Controls2-1'=False, StaticSwitch'Winter2-1'=False, StaticSwitch'Debug Mode Color Variation Noise2-1'=False, StaticSwitch'ColorVariations2-1'=False, StaticSwitch'Tint Translucency2-1'=False, StaticSwitch'Seasons2-1'=True, StaticSwitch'PerInstanceRandom2-1'=True, StaticSwitch'Impostor2-1'=False, StaticSwitch'Distance Based  Opacity2-1'=True, StaticSwitch'Tint BaseColor2-1'=False, StaticSwitch'Leaf Backside Roughness2-1'=False, StaticSwitch'Leaf Backside Specular2-1'=False, StaticSwitch'Animate Advanced Wind Normal2-1'=False, StaticSwitch'Dither Decoration Blend2-1'=True, StaticSwitch'TwoSided Leaves2-1'=True, StaticSwitch'use dithered Trunk Blend2-1'=True, StaticSwitch'Animate Level 42-1'=False, StaticSwitch'Animate Level 32-1'=True, StaticSwitch'Animate Level 22-1'=True, StaticSwitch'Animate Level 12-1'=True, StaticSwitch'Debug ForceField2-1'=False, StaticSwitch'Animate Foliage2-1'=True, StaticSwitch'Advanced Wind2-1'=True"
"/Game/MSPresets/MS_Foliage_Material/MasterMaterials/MA_Foliage.MA_Foliage","0","90","180","12","1960","Compiling MA_Foliage: Platform=PCD3D_SM5, Usage=LightingModel=MSM_DefaultLit|MSM_TwoSidedFoliage, BlendMode=BLEND_Masked, SpecialEngine=0, TwoSided=1, TSNormal=1, Masked=1, Distorted=0, WritesEveryPixel=0, ModifiesMeshPosition=1, Usage={bUsedWithStaticLighting,bUsedWithInstancedStaticMeshes}, StaticSwitch'DefaultLit Trunk2-1'=True, StaticSwitch'Plant2-1'=False, StaticSwitch'Advanced Controls2-1'=False, StaticSwitch'Basic Controls2-1'=False, StaticSwitch'Winter2-1'=False, StaticSwitch'Debug Mode Color Variation Noise2-1'=False, StaticSwitch'ColorVariations2-1'=False, StaticSwitch'Tint Translucency2-1'=False, StaticSwitch'Seasons2-1'=False, StaticSwitch'PerInstanceRandom2-1'=False, StaticSwitch'Impostor2-1'=False, StaticSwitch'Distance Based  Opacity2-1'=True, StaticSwitch'Tint BaseColor2-1'=False, StaticSwitch'Leaf Backside Roughness2-1'=False, StaticSwitch'Leaf Backside Specular2-1'=False, StaticSwitch'Animate Advanced Wind Normal2-1'=False, StaticSwitch'Dither Decoration Blend2-1'=True, StaticSwitch'TwoSided Leaves2-1'=True, StaticSwitch'use dithered Trunk Blend2-1'=True, StaticSwitch'Animate Level 42-1'=False, StaticSwitch'Animate Level 32-1'=False, StaticSwitch'Animate Level 22-1'=True, StaticSwitch'Animate Level 12-1'=True, StaticSwitch'Debug ForceField2-1'=False, StaticSwitch'Animate Foliage2-1'=True, StaticSwitch'Advanced Wind2-1'=True"
"/Game/MSPresets/MS_Foliage_Material/MasterMaterials/MA_Foliage.MA_Foliage","0","90","180","12","1948","Compiling MA_Foliage: Platform=PCD3D_SM5, Usage=LightingModel=MSM_DefaultLit|MSM_TwoSidedFoliage, BlendMode=BLEND_Masked, SpecialEngine=0, TwoSided=0, TSNormal=1, Masked=1, Distorted=0, WritesEveryPixel=0, ModifiesMeshPosition=1, Usage={bUsedWithStaticLighting,bUsedWithInstancedStaticMeshes}, StaticSwitch'DefaultLit Trunk2-1'=False, StaticSwitch'Plant2-1'=False, StaticSwitch'Advanced Controls2-1'=False, StaticSwitch'Basic Controls2-1'=False, StaticSwitch'Winter2-1'=False, StaticSwitch'Debug Mode Color Variation Noise2-1'=False, StaticSwitch'ColorVariations2-1'=False, StaticSwitch'Tint Translucency2-1'=False, StaticSwitch'Seasons2-1'=False, StaticSwitch'PerInstanceRandom2-1'=False, StaticSwitch'Impostor2-1'=False, StaticSwitch'Distance Based  Opacity2-1'=True, StaticSwitch'Tint BaseColor2-1'=False, StaticSwitch'Leaf Backside Roughness2-1'=False, StaticSwitch'Leaf Backside Specular2-1'=False, StaticSwitch'Animate Advanced Wind Normal2-1'=False, StaticSwitch'Dither Decoration Blend2-1'=True, StaticSwitch'TwoSided Leaves2-1'=False, StaticSwitch'use dithered Trunk Blend2-1'=True, StaticSwitch'Animate Level 42-1'=False, StaticSwitch'Animate Level 32-1'=False, StaticSwitch'Animate Level 22-1'=True, StaticSwitch'Animate Level 12-1'=True, StaticSwitch'Debug ForceField2-1'=False, StaticSwitch'Animate Foliage2-1'=True, StaticSwitch'Advanced Wind2-1'=True"
"/Game/MSPresets/MS_Foliage_Material/MasterMaterials/MA_Foliage.MA_Foliage","0","90","180","12","1966","Compiling MA_Foliage: Platform=PCD3D_SM5, Usage=LightingModel=MSM_DefaultLit|MSM_TwoSidedFoliage, BlendMode=BLEND_Masked, SpecialEngine=0, TwoSided=0, TSNormal=1, Masked=1, Distorted=0, WritesEveryPixel=0, ModifiesMeshPosition=1, Usage={bUsedWithStaticLighting,bUsedWithInstancedStaticMeshes}, StaticSwitch'DefaultLit Trunk2-1'=True, StaticSwitch'Plant2-1'=False, StaticSwitch'Advanced Controls2-1'=False, StaticSwitch'Basic Controls2-1'=False, StaticSwitch'Winter2-1'=False, StaticSwitch'Debug Mode Color Variation Noise2-1'=False, StaticSwitch'ColorVariations2-1'=False, StaticSwitch'Tint Translucency2-1'=False, StaticSwitch'Seasons2-1'=False, StaticSwitch'PerInstanceRandom2-1'=False, StaticSwitch'Impostor2-1'=False, StaticSwitch'Distance Based  Opacity2-1'=True, StaticSwitch'Tint BaseColor2-1'=False, StaticSwitch'Leaf Backside Roughness2-1'=False, StaticSwitch'Leaf Backside Specular2-1'=False, StaticSwitch'Animate Advanced Wind Normal2-1'=False, StaticSwitch'Dither Decoration Blend2-1'=True, StaticSwitch'TwoSided Leaves2-1'=True, StaticSwitch'use dithered Trunk Blend2-1'=True, StaticSwitch'Animate Level 42-1'=False, StaticSwitch'Animate Level 32-1'=False, StaticSwitch'Animate Level 22-1'=True, StaticSwitch'Animate Level 12-1'=True, StaticSwitch'Debug ForceField2-1'=False, StaticSwitch'Animate Foliage2-1'=True, StaticSwitch'Advanced Wind2-1'=True"
"/Game/MSPresets/MS_Foliage_Material/MasterMaterials/MA_Foliage.MA_Foliage","0","90","180","10","1954","Compiling MA_Foliage: Platform=PCD3D_SM5, Usage=LightingModel=MSM_DefaultLit|MSM_TwoSidedFoliage, BlendMode=BLEND_Masked, SpecialEngine=0, TwoSided=1, TSNormal=1, Masked=1, Distorted=0, WritesEveryPixel=0, ModifiesMeshPosition=1, Usage={bUsedWithStaticLighting,bUsedWithInstancedStaticMeshes}, StaticSwitch'DefaultLit Trunk2-1'=False, StaticSwitch'Plant2-1'=False, StaticSwitch'Advanced Controls2-1'=False, StaticSwitch'Basic Controls2-1'=False, StaticSwitch'Winter2-1'=False, StaticSwitch'Debug Mode Color Variation Noise2-1'=False, StaticSwitch'ColorVariations2-1'=False, StaticSwitch'Tint Translucency2-1'=False, StaticSwitch'Seasons2-1'=True, StaticSwitch'PerInstanceRandom2-1'=False, StaticSwitch'Impostor2-1'=False, StaticSwitch'Distance Based  Opacity2-1'=True, StaticSwitch'Tint BaseColor2-1'=False, StaticSwitch'Leaf Backside Roughness2-1'=False, StaticSwitch'Leaf Backside Specular2-1'=False, StaticSwitch'Animate Advanced Wind Normal2-1'=False, StaticSwitch'Dither Decoration Blend2-1'=True, StaticSwitch'TwoSided Leaves2-1'=True, StaticSwitch'use dithered Trunk Blend2-1'=True, StaticSwitch'Animate Level 42-1'=False, StaticSwitch'Animate Level 32-1'=False, StaticSwitch'Animate Level 22-1'=True, StaticSwitch'Animate Level 12-1'=True, StaticSwitch'Debug ForceField2-1'=False, StaticSwitch'Animate Foliage2-1'=True, StaticSwitch'Advanced Wind2-1'=True"
"/Game/MSPresets/MS_Foliage_Material/MasterMaterials/MA_Foliage.MA_Foliage","0","90","180","12","1950","Compiling MA_Foliage: Platform=PCD3D_SM5, Usage=LightingModel=MSM_DefaultLit|MSM_TwoSidedFoliage, BlendMode=BLEND_Masked, SpecialEngine=0, TwoSided=1, TSNormal=1, Masked=1, Distorted=0, WritesEveryPixel=0, ModifiesMeshPosition=1, Usage={bUsedWithStaticLighting,bUsedWithInstancedStaticMeshes}, StaticSwitch'DefaultLit Trunk2-1'=False, StaticSwitch'Plant2-1'=False, StaticSwitch'Advanced Controls2-1'=False, StaticSwitch'Basic Controls2-1'=False, StaticSwitch'Winter2-1'=False, StaticSwitch'Debug Mode Color Variation Noise2-1'=False, StaticSwitch'ColorVariations2-1'=False, StaticSwitch'Tint Translucency2-1'=False, StaticSwitch'Seasons2-1'=True, StaticSwitch'PerInstanceRandom2-1'=False, StaticSwitch'Impostor2-1'=False, StaticSwitch'Distance Based  Opacity2-1'=True, StaticSwitch'Tint BaseColor2-1'=False, StaticSwitch'Leaf Backside Roughness2-1'=False, StaticSwitch'Leaf Backside Specular2-1'=False, StaticSwitch'Animate Advanced Wind Normal2-1'=False, StaticSwitch'Dither Decoration Blend2-1'=True, StaticSwitch'TwoSided Leaves2-1'=True, StaticSwitch'use dithered Trunk Blend2-1'=True, StaticSwitch'Animate Level 42-1'=True, StaticSwitch'Animate Level 32-1'=True, StaticSwitch'Animate Level 22-1'=True, StaticSwitch'Animate Level 12-1'=True, StaticSwitch'Debug ForceField2-1'=False, StaticSwitch'Animate Foliage2-1'=True, StaticSwitch'Advanced Wind2-1'=True"
"/Game/MSPresets/MS_Foliage_Material/MasterMaterials/MA_Foliage.MA_Foliage","0","90","180","12","1934","Compiling MA_Foliage: Platform=PCD3D_SM5, Usage=LightingModel=MSM_DefaultLit|MSM_TwoSidedFoliage, BlendMode=BLEND_Masked, SpecialEngine=0, TwoSided=0, TSNormal=1, Masked=1, Distorted=0, WritesEveryPixel=0, ModifiesMeshPosition=1, Usage={bUsedWithStaticLighting,bUsedWithInstancedStaticMeshes}, StaticSwitch'DefaultLit Trunk2-1'=False, StaticSwitch'Plant2-1'=False, StaticSwitch'Advanced Controls2-1'=False, StaticSwitch'Basic Controls2-1'=False, StaticSwitch'Winter2-1'=False, StaticSwitch'Debug Mode Color Variation Noise2-1'=False, StaticSwitch'ColorVariations2-1'=False, StaticSwitch'Tint Translucency2-1'=False, StaticSwitch'Seasons2-1'=False, StaticSwitch'PerInstanceRandom2-1'=False, StaticSwitch'Impostor2-1'=False, StaticSwitch'Distance Based  Opacity2-1'=True, StaticSwitch'Tint BaseColor2-1'=False, StaticSwitch'Leaf Backside Roughness2-1'=False, StaticSwitch'Leaf Backside Specular2-1'=False, StaticSwitch'Animate Advanced Wind Normal2-1'=False, StaticSwitch'Dither Decoration Blend2-1'=True, StaticSwitch'TwoSided Leaves2-1'=False, StaticSwitch'use dithered Trunk Blend2-1'=True, StaticSwitch'Animate Level 42-1'=True, StaticSwitch'Animate Level 32-1'=True, StaticSwitch'Animate Level 22-1'=True, StaticSwitch'Animate Level 12-1'=True, StaticSwitch'Debug ForceField2-1'=False, StaticSwitch'Animate Foliage2-1'=True, StaticSwitch'Advanced Wind2-1'=False"
"/Game/MSPresets/MS_Foliage_Material/MasterMaterials/MA_Foliage.MA_Foliage","0","90","180","10","1940","Compiling MA_Foliage: Platform=PCD3D_SM5, Usage=LightingModel=MSM_DefaultLit|MSM_TwoSidedFoliage, BlendMode=BLEND_Masked, SpecialEngine=0, TwoSided=0, TSNormal=1, Masked=1, Distorted=0, WritesEveryPixel=0, ModifiesMeshPosition=1, Usage={bUsedWithStaticLighting,bUsedWithInstancedStaticMeshes}, StaticSwitch'DefaultLit Trunk2-1'=True, StaticSwitch'Plant2-1'=False, StaticSwitch'Advanced Controls2-1'=False, StaticSwitch'Basic Controls2-1'=False, StaticSwitch'Winter2-1'=False, StaticSwitch'Debug Mode Color Variation Noise2-1'=False, StaticSwitch'ColorVariations2-1'=False, StaticSwitch'Tint Translucency2-1'=False, StaticSwitch'Seasons2-1'=False, StaticSwitch'PerInstanceRandom2-1'=False, StaticSwitch'Impostor2-1'=False, StaticSwitch'Distance Based  Opacity2-1'=True, StaticSwitch'Tint BaseColor2-1'=False, StaticSwitch'Leaf Backside Roughness2-1'=False, StaticSwitch'Leaf Backside Specular2-1'=False, StaticSwitch'Animate Advanced Wind Normal2-1'=False, StaticSwitch'Dither Decoration Blend2-1'=True, StaticSwitch'TwoSided Leaves2-1'=True, StaticSwitch'use dithered Trunk Blend2-1'=True, StaticSwitch'Animate Level 42-1'=True, StaticSwitch'Animate Level 32-1'=True, StaticSwitch'Animate Level 22-1'=True, StaticSwitch'Animate Level 12-1'=True, StaticSwitch'Debug ForceField2-1'=False, StaticSwitch'Animate Foliage2-1'=True, StaticSwitch'Advanced Wind2-1'=False"
"/Game/MSPresets/MS_Foliage_Material/MasterMaterials/MA_Foliage.MA_Foliage","0","90","180","10","1892","Compiling MA_Foliage: Platform=PCD3D_SM5, Usage=LightingModel=MSM_DefaultLit|MSM_TwoSidedFoliage, BlendMode=BLEND_Masked, SpecialEngine=0, TwoSided=1, TSNormal=1, Masked=1, Distorted=0, WritesEveryPixel=0, ModifiesMeshPosition=1, Usage={bUsedWithStaticLighting,bUsedWithInstancedStaticMeshes}, StaticSwitch'DefaultLit Trunk2-1'=False, StaticSwitch'Plant2-1'=False, StaticSwitch'Advanced Controls2-1'=False, StaticSwitch'Basic Controls2-1'=False, StaticSwitch'Winter2-1'=False, StaticSwitch'Debug Mode Color Variation Noise2-1'=False, StaticSwitch'ColorVariations2-1'=False, StaticSwitch'Tint Translucency2-1'=False, StaticSwitch'Seasons2-1'=True, StaticSwitch'PerInstanceRandom2-1'=True, StaticSwitch'Impostor2-1'=False, StaticSwitch'Distance Based  Opacity2-1'=True, StaticSwitch'Tint BaseColor2-1'=False, StaticSwitch'Leaf Backside Roughness2-1'=False, StaticSwitch'Leaf Backside Specular2-1'=False, StaticSwitch'Animate Advanced Wind Normal2-1'=False, StaticSwitch'Dither Decoration Blend2-1'=True, StaticSwitch'TwoSided Leaves2-1'=True, StaticSwitch'use dithered Trunk Blend2-1'=True, StaticSwitch'Animate Level 42-1'=True, StaticSwitch'Animate Level 32-1'=True, StaticSwitch'Animate Level 22-1'=True, StaticSwitch'Animate Level 12-1'=True, StaticSwitch'Debug ForceField2-1'=False, StaticSwitch'Animate Foliage2-1'=True, StaticSwitch'Advanced Wind2-1'=False"
"/Game/MSPresets/MS_Foliage_Material/MasterMaterials/MA_Foliage.MA_Foliage","0","90","180","12","1874","Compiling MA_Foliage: Platform=PCD3D_SM5, Usage=LightingModel=MSM_DefaultLit|MSM_TwoSidedFoliage, BlendMode=BLEND_Masked, SpecialEngine=0, TwoSided=1, TSNormal=1, Masked=1, Distorted=0, WritesEveryPixel=0, ModifiesMeshPosition=1, Usage={bUsedWithStaticLighting,bUsedWithInstancedStaticMeshes}, StaticSwitch'DefaultLit Trunk2-1'=False, StaticSwitch'Plant2-1'=False, StaticSwitch'Advanced Controls2-1'=False, StaticSwitch'Basic Controls2-1'=False, StaticSwitch'Winter2-1'=False, StaticSwitch'Debug Mode Color Variation Noise2-1'=False, StaticSwitch'ColorVariations2-1'=False, StaticSwitch'Tint Translucency2-1'=False, StaticSwitch'Seasons2-1'=True, StaticSwitch'PerInstanceRandom2-1'=False, StaticSwitch'Impostor2-1'=False, StaticSwitch'Distance Based  Opacity2-1'=True, StaticSwitch'Tint BaseColor2-1'=False, StaticSwitch'Leaf Backside Roughness2-1'=True, StaticSwitch'Leaf Backside Specular2-1'=True, StaticSwitch'Animate Advanced Wind Normal2-1'=False, StaticSwitch'Dither Decoration Blend2-1'=True, StaticSwitch'TwoSided Leaves2-1'=True, StaticSwitch'use dithered Trunk Blend2-1'=True, StaticSwitch'Animate Level 42-1'=False, StaticSwitch'Animate Level 32-1'=False, StaticSwitch'Animate Level 22-1'=True, StaticSwitch'Animate Level 12-1'=True, StaticSwitch'Debug ForceField2-1'=False, StaticSwitch'Animate Foliage2-1'=True, StaticSwitch'Advanced Wind2-1'=True"
"/Game/MSPresets/MS_Foliage_Material/MasterMaterials/MA_Foliage.MA_Foliage","0","90","180","10","1870","Compiling MA_Foliage: Platform=PCD3D_SM5, Usage=LightingModel=MSM_DefaultLit|MSM_TwoSidedFoliage, BlendMode=BLEND_Masked, SpecialEngine=0, TwoSided=0, TSNormal=1, Masked=1, Distorted=0, WritesEveryPixel=0, ModifiesMeshPosition=1, Usage={bUsedWithStaticLighting,bUsedWithInstancedStaticMeshes}, StaticSwitch'DefaultLit Trunk2-1'=True, StaticSwitch'Plant2-1'=False, StaticSwitch'Advanced Controls2-1'=False, StaticSwitch'Basic Controls2-1'=False, StaticSwitch'Winter2-1'=False, StaticSwitch'Debug Mode Color Variation Noise2-1'=False, StaticSwitch'ColorVariations2-1'=False, StaticSwitch'Tint Translucency2-1'=False, StaticSwitch'Seasons2-1'=False, StaticSwitch'PerInstanceRandom2-1'=False, StaticSwitch'Impostor2-1'=False, StaticSwitch'Distance Based  Opacity2-1'=True, StaticSwitch'Tint BaseColor2-1'=False, StaticSwitch'Leaf Backside Roughness2-1'=False, StaticSwitch'Leaf Backside Specular2-1'=False, StaticSwitch'Animate Advanced Wind Normal2-1'=False, StaticSwitch'Dither Decoration Blend2-1'=True, StaticSwitch'TwoSided Leaves2-1'=True, StaticSwitch'use dithered Trunk Blend2-1'=True, StaticSwitch'Animate Level 42-1'=True, StaticSwitch'Animate Level 32-1'=True, StaticSwitch'Animate Level 22-1'=True, StaticSwitch'Animate Level 12-1'=True, StaticSwitch'Debug ForceField2-1'=False, StaticSwitch'Animate Foliage2-1'=False, StaticSwitch'Advanced Wind2-1'=False"
"/Game/MSPresets/MS_Foliage_Material/MasterMaterials/MA_Foliage.MA_Foliage","0","90","180","10","1942","Compiling MA_Foliage: Platform=PCD3D_SM5, Usage=LightingModel=MSM_DefaultLit|MSM_TwoSidedFoliage, BlendMode=BLEND_Masked, SpecialEngine=0, TwoSided=1, TSNormal=1, Masked=1, Distorted=0, WritesEveryPixel=0, ModifiesMeshPosition=1, Usage={bUsedWithStaticLighting,bUsedWithInstancedStaticMeshes}, StaticSwitch'DefaultLit Trunk2-1'=False, StaticSwitch'Plant2-1'=False, StaticSwitch'Advanced Controls2-1'=False, StaticSwitch'Basic Controls2-1'=False, StaticSwitch'Winter2-1'=False, StaticSwitch'Debug Mode Color Variation Noise2-1'=False, StaticSwitch'ColorVariations2-1'=False, StaticSwitch'Tint Translucency2-1'=False, StaticSwitch'Seasons2-1'=True, StaticSwitch'PerInstanceRandom2-1'=False, StaticSwitch'Impostor2-1'=False, StaticSwitch'Distance Based  Opacity2-1'=True, StaticSwitch'Tint BaseColor2-1'=False, StaticSwitch'Leaf Backside Roughness2-1'=True, StaticSwitch'Leaf Backside Specular2-1'=True, StaticSwitch'Animate Advanced Wind Normal2-1'=False, StaticSwitch'Dither Decoration Blend2-1'=True, StaticSwitch'TwoSided Leaves2-1'=True, StaticSwitch'use dithered Trunk Blend2-1'=True, StaticSwitch'Animate Level 42-1'=True, StaticSwitch'Animate Level 32-1'=True, StaticSwitch'Animate Level 22-1'=True, StaticSwitch'Animate Level 12-1'=True, StaticSwitch'Debug ForceField2-1'=False, StaticSwitch'Animate Foliage2-1'=True, StaticSwitch'Advanced Wind2-1'=False"
"/Game/MSPresets/MS_Foliage_Material/MasterMaterials/MA_Foliage.MA_Foliage","0","90","180","10","1928","Compiling MA_Foliage: Platform=PCD3D_SM5, Usage=LightingModel=MSM_DefaultLit|MSM_TwoSidedFoliage, BlendMode=BLEND_Masked, SpecialEngine=0, TwoSided=1, TSNormal=1, Masked=1, Distorted=0, WritesEveryPixel=0, ModifiesMeshPosition=1, Usage={bUsedWithStaticLighting,bUsedWithInstancedStaticMeshes}, StaticSwitch'DefaultLit Trunk2-1'=False, StaticSwitch'Plant2-1'=False, StaticSwitch'Advanced Controls2-1'=False, StaticSwitch'Basic Controls2-1'=False, StaticSwitch'Winter2-1'=False, StaticSwitch'Debug Mode Color Variation Noise2-1'=False, StaticSwitch'ColorVariations2-1'=False, StaticSwitch'Tint Translucency2-1'=False, StaticSwitch'Seasons2-1'=True, StaticSwitch'PerInstanceRandom2-1'=False, StaticSwitch'Impostor2-1'=False, StaticSwitch'Distance Based  Opacity2-1'=True, StaticSwitch'Tint BaseColor2-1'=False, StaticSwitch'Leaf Backside Roughness2-1'=True, StaticSwitch'Leaf Backside Specular2-1'=True, StaticSwitch'Animate Advanced Wind Normal2-1'=False, StaticSwitch'Dither Decoration Blend2-1'=True, StaticSwitch'TwoSided Leaves2-1'=True, StaticSwitch'use dithered Trunk Blend2-1'=True, StaticSwitch'Animate Level 42-1'=False, StaticSwitch'Animate Level 32-1'=True, StaticSwitch'Animate Level 22-1'=True, StaticSwitch'Animate Level 12-1'=True, StaticSwitch'Debug ForceField2-1'=False, StaticSwitch'Animate Foliage2-1'=True, StaticSwitch'Advanced Wind2-1'=True"
"/Game/MSPresets/MS_Foliage_Material/MasterMaterials/MA_Foliage.MA_Foliage","0","90","180","12","1458","Compiling MA_Foliage: Platform=PCD3D_SM5, Usage=LightingModel=MSM_DefaultLit|MSM_TwoSidedFoliage, BlendMode=BLEND_Masked, SpecialEngine=0, TwoSided=1, TSNormal=1, Masked=1, Distorted=0, WritesEveryPixel=0, ModifiesMeshPosition=1, Usage={bUsedWithStaticLighting,bUsedWithInstancedStaticMeshes}, StaticSwitch'DefaultLit Trunk2-1'=False, StaticSwitch'Plant2-1'=False, StaticSwitch'Advanced Controls2-1'=False, StaticSwitch'Basic Controls2-1'=False, StaticSwitch'Winter2-1'=False, StaticSwitch'Debug Mode Color Variation Noise2-1'=False, StaticSwitch'ColorVariations2-1'=False, StaticSwitch'Tint Translucency2-1'=False, StaticSwitch'Seasons2-1'=True, StaticSwitch'PerInstanceRandom2-1'=False, StaticSwitch'Impostor2-1'=False, StaticSwitch'Distance Based  Opacity2-1'=True, StaticSwitch'Tint BaseColor2-1'=False, StaticSwitch'Leaf Backside Roughness2-1'=True, StaticSwitch'Leaf Backside Specular2-1'=True, StaticSwitch'Animate Advanced Wind Normal2-1'=False, StaticSwitch'Dither Decoration Blend2-1'=True, StaticSwitch'TwoSided Leaves2-1'=True, StaticSwitch'use dithered Trunk Blend2-1'=True, StaticSwitch'Animate Level 42-1'=True, StaticSwitch'Animate Level 32-1'=True, StaticSwitch'Animate Level 22-1'=True, StaticSwitch'Animate Level 12-1'=True, StaticSwitch'Debug ForceField2-1'=False, StaticSwitch'Animate Foliage2-1'=True, StaticSwitch'Advanced Wind2-1'=True"
"/Game/MSPresets/MS_Foliage_Material/MasterMaterials/MA_Foliage.MA_Foliage","0","90","180","12","1749","Compiling MA_Foliage: Platform=PCD3D_SM5, Usage=LightingModel=MSM_DefaultLit|MSM_TwoSidedFoliage, BlendMode=BLEND_Masked, SpecialEngine=0, TwoSided=1, TSNormal=1, Masked=1, Distorted=0, WritesEveryPixel=0, ModifiesMeshPosition=1, Usage={bUsedWithStaticLighting,bUsedWithInstancedStaticMeshes}"
"/Game/MSPresets/M_MS_Surface_Material/M_MS_Surface_Material.M_MS_Surface_Material","0","90","0","12","636","Compiling M_MS_Surface_Material: Platform=PCD3D_SM5, Usage=LightingModel=MSM_DefaultLit, BlendMode=BLEND_Opaque, SpecialEngine=0, TwoSided=0, TSNormal=1, Masked=0, Distorted=0, WritesEveryPixel=1, ModifiesMeshPosition=1, Usage={bUsedWithStaticLighting}, StaticSwitch'Use Adjusted Maps2-1'=True, StaticSwitch'Enable SSS Parameters2-1'=True"
"/Game/MSPresets/M_MS_Surface_Material/M_MS_Surface_Material.M_MS_Surface_Material","0","66","0","10","409","Compiling M_MS_Surface_Material: Platform=PCD3D_SM5, Usage=LightingModel=MSM_DefaultLit, BlendMode=BLEND_Opaque, SpecialEngine=0, TwoSided=0, TSNormal=1, Masked=0, Distorted=0, WritesEveryPixel=1, ModifiesMeshPosition=1, Usage={bUsedWithStaticLighting}"
"/Engine/EngineSky/M_Sky_Panning_Clouds2.M_Sky_Panning_Clouds2","0","0","0","6","0","Compiling M_Sky_Panning_Clouds2: Platform=PCD3D_SM5, Usage=LightingModel=MSM_Unlit, BlendMode=BLEND_Opaque, SpecialEngine=0, TwoSided=0, TSNormal=1, Masked=0, Distorted=0, WritesEveryPixel=1, ModifiesMeshPosition=0, Usage={bUsedWithStaticLighting}"
"/Engine/EditorMaterials/PreviewShadowIndicatorMaterial.PreviewShadowIndicatorMaterial","0","0","0","105","0","Compiling PreviewShadowIndicatorMaterial: Platform=PCD3D_SM5, Usage=LightingModel=MSM_Unlit, BlendMode=BLEND_Opaque, SpecialEngine=0, TwoSided=0, TSNormal=1, Masked=0, Distorted=0, WritesEveryPixel=1, ModifiesMeshPosition=0, Usage={}"
"/Engine/EngineDebugMaterials/DebugEditorMaterial.DebugEditorMaterial","0","0","0","6","0","Compiling DebugEditorMaterial: Platform=PCD3D_SM5, Usage=LightingModel=MSM_Unlit, BlendMode=BLEND_Opaque, SpecialEngine=0, TwoSided=1, TSNormal=1, Masked=0, Distorted=0, WritesEveryPixel=1, ModifiesMeshPosition=0, Usage={}"
"/Game/WaterPlane/Environment/Props/Materials/M_Rock.M_Rock","0","38","0","10","138","Compiling M_Rock: Platform=PCD3D_SM5, Usage=LightingModel=MSM_DefaultLit, BlendMode=BLEND_Opaque, SpecialEngine=0, TwoSided=0, TSNormal=1, Masked=0, Distorted=0, WritesEveryPixel=1, ModifiesMeshPosition=0, Usage={bUsedWithStaticLighting}"
"/Game/WaterPlane/Translucent/Materials/M_TranslucentWater.M_TranslucentWater","0","42","0","10","168","Compiling M_TranslucentWater: Platform=PCD3D_SM5, Usage=LightingModel=MSM_DefaultLit, BlendMode=BLEND_Translucent, SpecialEngine=0, TwoSided=0, TSNormal=1, Masked=0, Distorted=0, WritesEveryPixel=1, ModifiesMeshPosition=0, Usage={bUsedWithStaticLighting}"
"/Game/WaterPlane/Lake/Materials/M_LakeWater_01.M_LakeWater_01","0","38","0","10","146","Compiling M_LakeWater_01: Platform=PCD3D_SM5, Usage=LightingModel=MSM_DefaultLit, BlendMode=BLEND_Opaque, SpecialEngine=0, TwoSided=0, TSNormal=1, Masked=0, Distorted=0, WritesEveryPixel=1, ModifiesMeshPosition=0, Usage={bUsedWithStaticLighting}"
"/Game/Man/Materials/M_MAn_Body.M_Man_Body","0","37","0","10","123","Compiling M_Man_Body: Platform=PCD3D_SM5, Usage=LightingModel=MSM_DefaultLit, BlendMode=BLEND_Opaque, SpecialEngine=0, TwoSided=1, TSNormal=1, Masked=0, Distorted=0, WritesEveryPixel=1, ModifiesMeshPosition=0, Usage={bUsedWithSkeletalMesh}"
"/Game/Man/Materials/M_Man_Cloth_Down_01.M_Man_Cloth_Down_01","0","37","0","10","160","Compiling M_Man_Cloth_Down_01: Platform=PCD3D_SM5, Usage=LightingModel=MSM_DefaultLit, BlendMode=BLEND_Opaque, SpecialEngine=0, TwoSided=1, TSNormal=1, Masked=0, Distorted=0, WritesEveryPixel=1, ModifiesMeshPosition=0, Usage={bUsedWithSkeletalMesh}"
"/Game/Man/Materials/M_Man_Cloth_Up_01.M_Man_Cloth_Up_01","0","37","0","10","143","Compiling M_Man_Cloth_Up_01: Platform=PCD3D_SM5, Usage=LightingModel=MSM_DefaultLit, BlendMode=BLEND_Opaque, SpecialEngine=0, TwoSided=1, TSNormal=1, Masked=0, Distorted=0, WritesEveryPixel=1, ModifiesMeshPosition=0, Usage={bUsedWithSkeletalMesh}"
"/Game/MSPresets/MS_Foliage_Material/GlobalFoliageActor/Materials/MA_UI_Element.MA_UI_Element","0","41","0","10","146","Compiling MA_UI_Element: Platform=PCD3D_SM5, Usage=LightingModel=MSM_DefaultLit, BlendMode=BLEND_Opaque, SpecialEngine=0, TwoSided=1, TSNormal=1, Masked=0, Distorted=0, WritesEveryPixel=1, ModifiesMeshPosition=1, Usage={}"
"/Engine/BasicShapes/BasicShapeMaterial.BasicShapeMaterial","0","0","0","84","0","Compiling BasicShapeMaterial: Platform=PCD3D_SM5, Usage=LightingModel=MSM_DefaultLit, BlendMode=BLEND_Opaque, SpecialEngine=0, TwoSided=0, TSNormal=1, Masked=0, Distorted=0, WritesEveryPixel=1, ModifiesMeshPosition=0, Usage={bUsedWithStaticLighting,bUsedWithInstancedStaticMeshes,bUsedWithGeometryCollections}"
"/Game/BlackAlder/Materials/Background/M_FloorGrid_Master.M_FloorGrid_Master","0","38","0","10","122","Compiling M_FloorGrid_Master: Platform=PCD3D_SM5, Usage=LightingModel=MSM_DefaultLit, BlendMode=BLEND_Opaque, SpecialEngine=0, TwoSided=0, TSNormal=1, Masked=0, Distorted=0, WritesEveryPixel=1, ModifiesMeshPosition=0, Usage={bUsedWithStaticLighting}"
"/Engine/EngineSky/M_SkyTimeOfDay.M_SkyTimeOfDay","0","0","0","6","0","Compiling M_SkyTimeOfDay: Platform=PCD3D_SM5, Usage=LightingModel=MSM_Unlit, BlendMode=BLEND_Opaque, SpecialEngine=0, TwoSided=1, TSNormal=1, Masked=0, Distorted=0, WritesEveryPixel=1, ModifiesMeshPosition=0, Usage={bUsedWithStaticLighting}"
"/Game/AnimalVarietyPack/Wolf/Materials/M_WolfArctic.M_WolfArctic","0","37","0","10","124","Compiling M_WolfArctic: Platform=PCD3D_SM5, Usage=LightingModel=MSM_DefaultLit, BlendMode=BLEND_Opaque, SpecialEngine=0, TwoSided=0, TSNormal=1, Masked=0, Distorted=0, WritesEveryPixel=1, ModifiesMeshPosition=0, Usage={bUsedWithSkeletalMesh}"
"/Game/AnimalVarietyPack/Wolf/Materials/M_WolfDark.M_WolfDark","0","37","0","10","152","Compiling M_WolfDark: Platform=PCD3D_SM5, Usage=LightingModel=MSM_DefaultLit, BlendMode=BLEND_Opaque, SpecialEngine=0, TwoSided=0, TSNormal=1, Masked=0, Distorted=0, WritesEveryPixel=1, ModifiesMeshPosition=0, Usage={bUsedWithSkeletalMesh}"
"/Game/AnimalVarietyPack/Wolf/Materials/M_WolfFurArctic.M_WolfFurArctic","0","60","0","5","302","Compiling M_WolfFurArctic: Platform=PCD3D_SM5, Usage=LightingModel=MSM_DefaultLit, BlendMode=BLEND_Masked, SpecialEngine=0, TwoSided=0, TSNormal=1, Masked=1, Distorted=0, WritesEveryPixel=0, ModifiesMeshPosition=0, Usage={bUsedWithSkeletalMesh}"
"/Game/AnimalVarietyPack/Wolf/Materials/M_WolfFurDark.M_WolfFurDark","0","60","0","5","300","Compiling M_WolfFurDark: Platform=PCD3D_SM5, Usage=LightingModel=MSM_DefaultLit, BlendMode=BLEND_Masked, SpecialEngine=0, TwoSided=0, TSNormal=1, Masked=1, Distorted=0, WritesEveryPixel=0, ModifiesMeshPosition=0, Usage={bUsedWithSkeletalMesh}"
"/Game/AnimalVarietyPack/Wolf/Materials/M_Wolf.M_Wolf","0","37","0","1","125","Compiling M_Wolf: Platform=PCD3D_SM5, Usage=LightingModel=MSM_DefaultLit, BlendMode=BLEND_Opaque, SpecialEngine=0, TwoSided=0, TSNormal=1, Masked=0, Distorted=0, WritesEveryPixel=1, ModifiesMeshPosition=0, Usage={bUsedWithSkeletalMesh}"
"/Game/AnimalVarietyPack/Wolf/Materials/M_WolfFur.M_WolfFur","0","60","0","1","285","Compiling M_WolfFur: Platform=PCD3D_SM5, Usage=LightingModel=MSM_DefaultLit, BlendMode=BLEND_Masked, SpecialEngine=0, TwoSided=0, TSNormal=1, Masked=1, Distorted=0, WritesEveryPixel=0, ModifiesMeshPosition=0, Usage={bUsedWithSkeletalMesh}"
"/Game/AnimalVarietyPack/Pig/Materials/M_PigHair.M_PigHair","0","89","0","11","544","Compiling M_PigHair: Platform=PCD3D_SM5, Usage=LightingModel=MSM_DefaultLit, BlendMode=BLEND_Masked, SpecialEngine=0, TwoSided=1, TSNormal=1, Masked=1, Distorted=0, WritesEveryPixel=0, ModifiesMeshPosition=0, Usage={bUsedWithSkeletalMesh,bUsedWithMorphTargets}"
"/Game/AnimalVarietyPack/Pig/Materials/M_Pig.M_Pig","0","51","0","10","224","Compiling M_Pig: Platform=PCD3D_SM5, Usage=LightingModel=MSM_DefaultLit, BlendMode=BLEND_Opaque, SpecialEngine=0, TwoSided=0, TSNormal=1, Masked=0, Distorted=0, WritesEveryPixel=1, ModifiesMeshPosition=0, Usage={bUsedWithSkeletalMesh,bUsedWithMorphTargets}"
"/Game/AnimalVarietyPack/Pig/Materials/M_PigDirty.M_PigDirty","0","37","0","10","123","Compiling M_PigDirty: Platform=PCD3D_SM5, Usage=LightingModel=MSM_DefaultLit, BlendMode=BLEND_Opaque, SpecialEngine=0, TwoSided=0, TSNormal=1, Masked=0, Distorted=0, WritesEveryPixel=1, ModifiesMeshPosition=0, Usage={bUsedWithSkeletalMesh}"
"/Game/AnimalVarietyPack/Pig/Materials/M_PigHairDirty.M_PigHairDirty","0","60","0","9","322","Compiling M_PigHairDirty: Platform=PCD3D_SM5, Usage=LightingModel=MSM_DefaultLit, BlendMode=BLEND_Masked, SpecialEngine=0, TwoSided=1, TSNormal=1, Masked=1, Distorted=0, WritesEveryPixel=0, ModifiesMeshPosition=0, Usage={bUsedWithSkeletalMesh}"
"/Game/AnimalVarietyPack/Fox/Materials/M_FoxFur.M_FoxFur","0","60","0","9","307","Compiling M_FoxFur: Platform=PCD3D_SM5, Usage=LightingModel=MSM_DefaultLit, BlendMode=BLEND_Masked, SpecialEngine=0, TwoSided=1, TSNormal=1, Masked=1, Distorted=0, WritesEveryPixel=0, ModifiesMeshPosition=0, Usage={bUsedWithSkeletalMesh}"
"/Game/AnimalVarietyPack/Fox/Materials/M_Fox.M_Fox","0","37","0","10","148","Compiling M_Fox: Platform=PCD3D_SM5, Usage=LightingModel=MSM_DefaultLit, BlendMode=BLEND_Opaque, SpecialEngine=0, TwoSided=0, TSNormal=1, Masked=0, Distorted=0, WritesEveryPixel=1, ModifiesMeshPosition=0, Usage={bUsedWithSkeletalMesh}"
"/Game/AnimalVarietyPack/DeerStagAndDoe/Materials/M_DeerStag.M_DeerStag","0","37","0","10","148","Compiling M_DeerStag: Platform=PCD3D_SM5, Usage=LightingModel=MSM_DefaultLit, BlendMode=BLEND_Opaque, SpecialEngine=0, TwoSided=0, TSNormal=1, Masked=0, Distorted=0, WritesEveryPixel=1, ModifiesMeshPosition=0, Usage={bUsedWithSkeletalMesh}"
"/Game/AnimalVarietyPack/DeerStagAndDoe/Materials/M_DeerStagFur.M_DeerStagFur","0","60","0","10","296","Compiling M_DeerStagFur: Platform=PCD3D_SM5, Usage=LightingModel=MSM_DefaultLit, BlendMode=BLEND_Masked, SpecialEngine=0, TwoSided=1, TSNormal=1, Masked=1, Distorted=0, WritesEveryPixel=0, ModifiesMeshPosition=0, Usage={bUsedWithSkeletalMesh}"
"/Game/AnimalVarietyPack/DeerStagAndDoe/Materials/M_DeerDoe.M_DeerDoe","0","37","0","10","120","Compiling M_DeerDoe: Platform=PCD3D_SM5, Usage=LightingModel=MSM_DefaultLit, BlendMode=BLEND_Opaque, SpecialEngine=0, TwoSided=0, TSNormal=1, Masked=0, Distorted=0, WritesEveryPixel=1, ModifiesMeshPosition=0, Usage={bUsedWithSkeletalMesh}"
"/Game/AnimalVarietyPack/DeerStagAndDoe/Materials/M_DeerDoeFur.M_DeerDoeFur","0","60","0","10","329","Compiling M_DeerDoeFur: Platform=PCD3D_SM5, Usage=LightingModel=MSM_DefaultLit, BlendMode=BLEND_Masked, SpecialEngine=0, TwoSided=1, TSNormal=1, Masked=1, Distorted=0, WritesEveryPixel=0, ModifiesMeshPosition=0, Usage={bUsedWithSkeletalMesh}"
"/Game/AnimalVarietyPack/Crow/Materials/M_Crow.M_Crow","0","60","0","10","320","Compiling M_Crow: Platform=PCD3D_SM5, Usage=LightingModel=MSM_DefaultLit, BlendMode=BLEND_Masked, SpecialEngine=0, TwoSided=0, TSNormal=1, Masked=1, Distorted=0, WritesEveryPixel=0, ModifiesMeshPosition=0, Usage={bUsedWithSkeletalMesh}"
"/Game/MSPresets/M_MS_Foliage_Material/M_MS_Foliage_Material.M_MS_Foliage_Material","0","88","0","10","523","Compiling M_MS_Foliage_Material: Platform=PCD3D_SM5, Usage=LightingModel=MSM_TwoSidedFoliage, BlendMode=BLEND_Masked, SpecialEngine=0, TwoSided=1, TSNormal=1, Masked=1, Distorted=0, WritesEveryPixel=0, ModifiesMeshPosition=1, Usage={bUsedWithStaticLighting,bUsedWithInstancedStaticMeshes}"
"/Game/Sketchap/boat/source/boat.boat","0","23","0","3","59","Compiling boat: Platform=PCD3D_SM5, Usage=LightingModel=MSM_DefaultLit, BlendMode=BLEND_Opaque, SpecialEngine=0, TwoSided=0, TSNormal=1, Masked=0, Distorted=0, WritesEveryPixel=1, ModifiesMeshPosition=0, Usage={}"
"/Game/Sketchap/terrain/diffuse_1SG.diffuse_1SG","0","23","0","10","59","Compiling diffuse_1SG: Platform=PCD3D_SM5, Usage=LightingModel=MSM_DefaultLit, BlendMode=BLEND_Opaque, SpecialEngine=0, TwoSided=0, TSNormal=1, Masked=0, Distorted=0, WritesEveryPixel=1, ModifiesMeshPosition=0, Usage={}"
"/Game/MSPresets/M_MS_Default_Material/M_MS_Default_Material.M_MS_Default_Material","0","66","0","12","339","Compiling M_MS_Default_Material: Platform=PCD3D_SM5, Usage=LightingModel=MSM_DefaultLit, BlendMode=BLEND_Opaque, SpecialEngine=0, TwoSided=0, TSNormal=1, Masked=0, Distorted=0, WritesEveryPixel=1, ModifiesMeshPosition=1, Usage={bUsedWithStaticLighting}"
"/Game/MSPresets/M_MS_Billboard_Material/M_MS_Billboard_Material.M_MS_Billboard_Material","0","88","0","10","617","Compiling M_MS_Billboard_Material: Platform=PCD3D_SM5, Usage=LightingModel=MSM_TwoSidedFoliage, BlendMode=BLEND_Masked, SpecialEngine=0, TwoSided=1, TSNormal=0, Masked=1, Distorted=0, WritesEveryPixel=0, ModifiesMeshPosition=1, Usage={bUsedWithStaticLighting,bUsedWithInstancedStaticMeshes}"
"/Game/MSPresets/M_MS_Default_Fuzz_Material/M_MS_Default_Fuzz_Material.M_MS_Default_Fuzz_Material","0","64","0","7","346","Compiling M_MS_Default_Fuzz_Material: Platform=PCD3D_SM5, Usage=LightingModel=MSM_Cloth, BlendMode=BLEND_Opaque, SpecialEngine=0, TwoSided=0, TSNormal=1, Masked=0, Distorted=0, WritesEveryPixel=1, ModifiesMeshPosition=1, Usage={bUsedWithStaticLighting}"
"/Game/WaterPlane/Ocean/Materials/FakedCaustics.FakedCaustics","0","23","0","10","59","Compiling FakedCaustics: Platform=PCD3D_SM5, Usage=LightingModel=MSM_DefaultLit, BlendMode=BLEND_Opaque, SpecialEngine=0, TwoSided=0, TSNormal=1, Masked=0, Distorted=0, WritesEveryPixel=1, ModifiesMeshPosition=0, Usage={}"
"/Bridge/MSPresets/M_MS_SurfaceBlend_Material/M_MS_SurfaceBlend_Material.M_MS_SurfaceBlend_Material","0","0","0","47","0","Compiling M_MS_SurfaceBlend_Material: Platform=PCD3D_SM5, Usage=LightingModel=MSM_DefaultLit, BlendMode=BLEND_Opaque, SpecialEngine=0, TwoSided=0, TSNormal=1, Masked=0, Distorted=0, WritesEveryPixel=1, ModifiesMeshPosition=1, Usage={}"
"/Bridge/MSPresets/M_MS_Imperfection_Material_Var/M_MS_Imperfection_Material_Var.M_MS_Imperfection_Material_Var","0","0","0","23","0","Compiling M_MS_Imperfection_Material_Var: Platform=PCD3D_SM5, Usage=LightingModel=MSM_DefaultLit, BlendMode=BLEND_Opaque, SpecialEngine=0, TwoSided=0, TSNormal=1, Masked=0, Distorted=0, WritesEveryPixel=1, ModifiesMeshPosition=0, Usage={}"
"/Bridge/MSPresets/M_MS_Imperfection_Material/M_MS_Imperfection_Material.M_MS_Imperfection_Material","0","0","0","23","0","Compiling M_MS_Imperfection_Material: Platform=PCD3D_SM5, Usage=LightingModel=MSM_DefaultLit, BlendMode=BLEND_Opaque, SpecialEngine=0, TwoSided=0, TSNormal=1, Masked=0, Distorted=0, WritesEveryPixel=1, ModifiesMeshPosition=0, Usage={}"
"/Bridge/MSPresets/M_MS_ImperfectionDecal_Material/M_MS_ImperfectionDecal_Material.M_MS_ImperfectionDecal_Material","0","0","0","33","33","Compiling M_MS_ImperfectionDecal_Material: Platform=PCD3D_SM5, Usage=LightingModel=MSM_DefaultLit, BlendMode=BLEND_Translucent, SpecialEngine=0, TwoSided=0, TSNormal=1, Masked=0, Distorted=0, WritesEveryPixel=1, ModifiesMeshPosition=0, Usage={}"
"/Bridge/MSPresets/M_MS_Default_Transmission_Material/M_MS_Default_Transmission_Material.M_MS_Default_Transmission_Material","0","0","0","44","0","Compiling M_MS_Default_Transmission_Material: Platform=PCD3D_SM5, Usage=LightingModel=MSM_Subsurface, BlendMode=BLEND_Opaque, SpecialEngine=0, TwoSided=0, TSNormal=1, Masked=0, Distorted=0, WritesEveryPixel=1, ModifiesMeshPosition=1, Usage={}"
"/Bridge/MSPresets/M_MS_Decal_Material/M_MS_Decal_Material.M_MS_Decal_Material","0","0","0","33","33","Compiling M_MS_Decal_Material: Platform=PCD3D_SM5, Usage=LightingModel=MSM_DefaultLit, BlendMode=BLEND_Translucent, SpecialEngine=0, TwoSided=0, TSNormal=1, Masked=0, Distorted=0, WritesEveryPixel=1, ModifiesMeshPosition=0, Usage={}"
"/Game/Man/Materials/M_Man_Cloth_Up_03.M_Man_Cloth_Up_03","0","23","0","3","59","Compiling M_Man_Cloth_Up_03: Platform=PCD3D_SM5, Usage=LightingModel=MSM_DefaultLit, BlendMode=BLEND_Opaque, SpecialEngine=0, TwoSided=1, TSNormal=1, Masked=0, Distorted=0, WritesEveryPixel=1, ModifiesMeshPosition=0, Usage={}"
"/Game/Man/Materials/M_Man_Cloth_Up_02.M_Man_Cloth_Up_02","0","23","0","7","63","Compiling M_Man_Cloth_Up_02: Platform=PCD3D_SM5, Usage=LightingModel=MSM_DefaultLit, BlendMode=BLEND_Opaque, SpecialEngine=0, TwoSided=1, TSNormal=1, Masked=0, Distorted=0, WritesEveryPixel=1, ModifiesMeshPosition=0, Usage={}"
"/Game/Man/Materials/M_Man_Cloth_Down_03.M_Man_Cloth_Down_03","0","23","0","10","66","Compiling M_Man_Cloth_Down_03: Platform=PCD3D_SM5, Usage=LightingModel=MSM_DefaultLit, BlendMode=BLEND_Opaque, SpecialEngine=0, TwoSided=1, TSNormal=1, Masked=0, Distorted=0, WritesEveryPixel=1, ModifiesMeshPosition=0, Usage={}"
"/Game/Man/Materials/M_Man_Cloth_Down_02.M_Man_Cloth_Down_02","0","23","0","10","80","Compiling M_Man_Cloth_Down_02: Platform=PCD3D_SM5, Usage=LightingModel=MSM_DefaultLit, BlendMode=BLEND_Opaque, SpecialEngine=0, TwoSided=1, TSNormal=1, Masked=0, Distorted=0, WritesEveryPixel=1, ModifiesMeshPosition=0, Usage={}"
"/Game/MyTerrainMat.MyTerrainMat","0","38","0","10","122","Compiling MyTerrainMat: Platform=PCD3D_SM5, Usage=LightingModel=MSM_DefaultLit, BlendMode=BLEND_Opaque, SpecialEngine=0, TwoSided=0, TSNormal=1, Masked=0, Distorted=0, WritesEveryPixel=1, ModifiesMeshPosition=0, Usage={bUsedWithStaticLighting}"
